[{"inputs":[{"internalType":"address","name":"_WETH","type":"address"},{"internalType":"address","name":"_registry","type":"address"}],"stateMutability":"nonpayable","type":"constructor"},{"inputs":[],"name":"WETH","outputs":[{"internalType":"address","name":"","type":"address"}],"stateMutability":"view","type":"function"},{"inputs":[{"components":[{"internalType":"address","name":"index","type":"address"},{"internalType":"uint256","name":"amount","type":"uint256"},{"internalType":"address","name":"recipient","type":"address"},{"internalType":"bytes","name":"permitData","type":"bytes"}],"internalType":"struct IIndexRouter.BurnParams","name":"_params","type":"tuple"}],"name":"burn","outputs":[],"stateMutability":"nonpayable","type":"function"},{"inputs":[{"components":[{"internalType":"address","name":"index","type":"address"},{"internalType":"uint256","name":"amount","type":"uint256"},{"internalType":"address","name":"recipient","type":"address"},{"internalType":"address[][]","name":"paths","type":"address[][]"},{"internalType":"address[]","name":"swapFactories","type":"address[]"},{"internalType":"uint256[]","name":"buyAssetMinAmounts","type":"uint256[]"},{"internalType":"bytes","name":"permitData","type":"bytes"}],"internalType":"struct IIndexRouter.BurnSwapParams","name":"_params","type":"tuple"}],"name":"burnSwap","outputs":[],"stateMutability":"nonpayable","type":"function"},{"inputs":[{"components":[{"internalType":"address","name":"index","type":"address"},{"internalType":"uint256","name":"amount","type":"uint256"},{"internalType":"address","name":"recipient","type":"address"},{"internalType":"address[][]","name":"paths","type":"address[][]"},{"internalType":"address[]","name":"swapFactories","type":"address[]"},{"internalType":"uint256[]","name":"buyAssetMinAmounts","type":"uint256[]"},{"internalType":"bytes","name":"permitData","type":"bytes"}],"internalType":"struct IIndexRouter.BurnSwapParams","name":"_params","type":"tuple"}],"name":"burnSwapValue","outputs":[],"stateMutability":"nonpayable","type":"function"},{"inputs":[{"components":[{"internalType":"address","name":"index","type":"address"},{"internalType":"uint256","name":"amount","type":"uint256"},{"internalType":"address","name":"recipient","type":"address"},{"internalType":"address[][]","name":"paths","type":"address[][]"},{"internalType":"address[]","name":"swapFactories","type":"address[]"},{"internalType":"uint256[]","name":"buyAssetMinAmounts","type":"uint256[]"},{"internalType":"bytes","name":"permitData","type":"bytes"}],"internalType":"struct IIndexRouter.BurnSwapParams","name":"_params","type":"tuple"}],"name":"burnTokenValue","outputs":[{"internalType":"uint256","name":"value","type":"uint256"}],"stateMutability":"view","type":"function"},{"inputs":[{"internalType":"address","name":"_index","type":"address"},{"internalType":"uint256","name":"_amount","type":"uint256"}],"name":"burnTokensAmount","outputs":[{"internalType":"uint256[]","name":"amounts","type":"uint256[]"}],"stateMutability":"view","type":"function"},{"inputs":[{"components":[{"internalType":"address","name":"index","type":"address"},{"internalType":"uint256","name":"amountInBase","type":"uint256"},{"internalType":"address","name":"recipient","type":"address"},{"internalType":"bytes[]","name":"permitData","type":"bytes[]"}],"internalType":"struct IIndexRouter.MintParams","name":"_params","type":"tuple"}],"name":"mint","outputs":[],"stateMutability":"nonpayable","type":"function"},{"inputs":[{"components":[{"internalType":"address","name":"index","type":"address"},{"internalType":"address","name":"inputToken","type":"address"},{"internalType":"uint256","name":"amountInInputToken","type":"uint256"},{"internalType":"address","name":"recipient","type":"address"},{"internalType":"uint256[]","name":"buyAssetMinAmounts","type":"uint256[]"},{"internalType":"address[][]","name":"paths","type":"address[][]"},{"internalType":"address[]","name":"swapFactories","type":"address[]"},{"internalType":"bytes","name":"permitData","type":"bytes"}],"internalType":"struct IIndexRouter.MintSwapParams","name":"_params","type":"tuple"}],"name":"mintSwap","outputs":[],"stateMutability":"nonpayable","type":"function"},{"inputs":[{"components":[{"internalType":"address","name":"index","type":"address"},{"internalType":"address","name":"inputToken","type":"address"},{"internalType":"uint256","name":"amountInInputToken","type":"uint256"},{"internalType":"address","name":"recipient","type":"address"},{"internalType":"uint256[]","name":"buyAssetMinAmounts","type":"uint256[]"},{"internalType":"address[][]","name":"paths","type":"address[][]"},{"internalType":"address[]","name":"swapFactories","type":"address[]"},{"internalType":"bytes","name":"permitData","type":"bytes"}],"internalType":"struct IIndexRouter.MintSwapParams","name":"_params","type":"tuple"}],"name":"mintSwapIndexAmount","outputs":[{"internalType":"uint256","name":"val","type":"uint256"}],"stateMutability":"view","type":"function"},{"inputs":[{"components":[{"internalType":"address","name":"index","type":"address"},{"internalType":"address","name":"recipient","type":"address"},{"internalType":"uint256[]","name":"buyAssetMinAmounts","type":"uint256[]"},{"internalType":"address[][]","name":"paths","type":"address[][]"},{"internalType":"address[]","name":"swapFactories","type":"address[]"}],"internalType":"struct IIndexRouter.MintSwapValueParams","name":"_params","type":"tuple"}],"name":"mintSwapValue","outputs":[],"stateMutability":"payable","type":"function"},{"inputs":[],"name":"registry","outputs":[{"internalType":"address","name":"","type":"address"}],"stateMutability":"view","type":"function"},{"inputs":[{"internalType":"bytes4","name":"_interfaceId","type":"bytes4"}],"name":"supportsInterface","outputs":[{"internalType":"bool","name":"","type":"bool"}],"stateMutability":"view","type":"function"},{"stateMutability":"payable","type":"receive"}]