[{"inputs":[{"internalType":"address","name":"_registry","type":"address"},{"internalType":"address","name":"_vTokenFactory","type":"address"},{"internalType":"address","name":"_reweightingLogic","type":"address"},{"internalType":"address","name":"_marketCapCategories","type":"address"},{"internalType":"uint16","name":"_defaultMintingFeeInBP","type":"uint16"},{"internalType":"uint16","name":"_defaultBurningFeeInBP","type":"uint16"},{"internalType":"uint256","name":"_defaultAUMScaledPerSecondsRate","type":"uint256"},{"internalType":"uint16","name":"_defaultGovernorFeePercentageInBP","type":"uint16"},{"internalType":"address","name":"_governorFactory","type":"address"}],"stateMutability":"nonpayable","type":"constructor"},{"anonymous":false,"inputs":[{"indexed":true,"internalType":"address","name":"account","type":"address"},{"indexed":false,"internalType":"uint256","name":"AUMScaledPerSecondsRate","type":"uint256"}],"name":"SetDefaultAUMScaledPerSecondsRate","type":"event"},{"anonymous":false,"inputs":[{"indexed":true,"internalType":"address","name":"account","type":"address"},{"indexed":false,"internalType":"uint16","name":"burningFeeInBP","type":"uint16"}],"name":"SetDefaultBurningFeeInBP","type":"event"},{"anonymous":false,"inputs":[{"indexed":true,"internalType":"address","name":"account","type":"address"},{"indexed":false,"internalType":"uint16","name":"defaultGovernorFeePercentageInBP","type":"uint16"}],"name":"SetDefaultGovernorFeePercentageInBP","type":"event"},{"anonymous":false,"inputs":[{"indexed":true,"internalType":"address","name":"account","type":"address"},{"indexed":false,"internalType":"uint16","name":"mintingFeeInBP","type":"uint16"}],"name":"SetDefaultMintingFeeInBP","type":"event"},{"anonymous":false,"inputs":[{"indexed":true,"internalType":"address","name":"account","type":"address"},{"indexed":false,"internalType":"address","name":"governorFactory","type":"address"}],"name":"SetGovernorFactory","type":"event"},{"anonymous":false,"inputs":[{"indexed":false,"internalType":"address","name":"index","type":"address"},{"indexed":false,"internalType":"uint256","name":"category","type":"uint256"},{"indexed":false,"internalType":"uint256","name":"topN","type":"uint256"}],"name":"TopNMarketCapIndexCreated","type":"event"},{"inputs":[{"internalType":"uint256","name":"_category","type":"uint256"},{"internalType":"uint8","name":"_topN","type":"uint8"},{"components":[{"internalType":"string","name":"name","type":"string"},{"internalType":"string","name":"symbol","type":"string"}],"internalType":"struct IIndexFactory.NameDetails","name":"_nameDetails","type":"tuple"}],"name":"createIndex","outputs":[{"internalType":"address","name":"index","type":"address"}],"stateMutability":"nonpayable","type":"function"},{"inputs":[],"name":"defaultAUMScaledPerSecondsRate","outputs":[{"internalType":"uint256","name":"","type":"uint256"}],"stateMutability":"view","type":"function"},{"inputs":[],"name":"defaultBurningFeeInBP","outputs":[{"internalType":"uint16","name":"","type":"uint16"}],"stateMutability":"view","type":"function"},{"inputs":[],"name":"defaultGovernorFeePercentageInBP","outputs":[{"internalType":"uint16","name":"","type":"uint16"}],"stateMutability":"view","type":"function"},{"inputs":[],"name":"defaultMintingFeeInBP","outputs":[{"internalType":"uint16","name":"","type":"uint16"}],"stateMutability":"view","type":"function"},{"inputs":[],"name":"governorFactory","outputs":[{"internalType":"address","name":"","type":"address"}],"stateMutability":"view","type":"function"},{"inputs":[],"name":"marketCapCategories","outputs":[{"internalType":"address","name":"","type":"address"}],"stateMutability":"view","type":"function"},{"inputs":[],"name":"maxAllowedTopN","outputs":[{"internalType":"uint8","name":"","type":"uint8"}],"stateMutability":"view","type":"function"},{"inputs":[],"name":"registry","outputs":[{"internalType":"address","name":"","type":"address"}],"stateMutability":"view","type":"function"},{"inputs":[],"name":"reweightingLogic","outputs":[{"internalType":"address","name":"","type":"address"}],"stateMutability":"view","type":"function"},{"inputs":[{"internalType":"uint256","name":"_AUMScaledPerSecondsRate","type":"uint256"}],"name":"setDefaultAUMScaledPerSecondsRate","outputs":[],"stateMutability":"nonpayable","type":"function"},{"inputs":[{"internalType":"uint16","name":"_burningFeeInBP","type":"uint16"}],"name":"setDefaultBurningFeeInBP","outputs":[],"stateMutability":"nonpayable","type":"function"},{"inputs":[{"internalType":"uint16","name":"_defaultGovernorFeePercentageInBP","type":"uint16"}],"name":"setDefaultGovernorFeePercentageInBP","outputs":[],"stateMutability":"nonpayable","type":"function"},{"inputs":[{"internalType":"uint16","name":"_mintingFeeInBP","type":"uint16"}],"name":"setDefaultMintingFeeInBP","outputs":[],"stateMutability":"nonpayable","type":"function"},{"inputs":[{"internalType":"address","name":"_governorFactory","type":"address"}],"name":"setGovernorFactory","outputs":[],"stateMutability":"nonpayable","type":"function"},{"inputs":[{"internalType":"address","name":"_marketCapCategories","type":"address"}],"name":"setMarketCapCategories","outputs":[],"stateMutability":"nonpayable","type":"function"},{"inputs":[{"internalType":"uint8","name":"_topN","type":"uint8"}],"name":"setMaxAllowedTopN","outputs":[],"stateMutability":"nonpayable","type":"function"},{"inputs":[{"internalType":"address","name":"_reweightingLogic","type":"address"}],"name":"setReweightingLogic","outputs":[],"stateMutability":"nonpayable","type":"function"},{"inputs":[{"internalType":"bytes4","name":"_interfaceId","type":"bytes4"}],"name":"supportsInterface","outputs":[{"internalType":"bool","name":"","type":"bool"}],"stateMutability":"view","type":"function"},{"inputs":[],"name":"vTokenFactory","outputs":[{"internalType":"address","name":"","type":"address"}],"stateMutability":"view","type":"function"},{"inputs":[{"internalType":"address","name":"_index","type":"address"}],"name":"withdrawToFeePool","outputs":[],"stateMutability":"nonpayable","type":"function"}]