[{"inputs":[],"stateMutability":"nonpayable","type":"constructor"},{"anonymous":false,"inputs":[{"indexed":false,"internalType":"address","name":"_account","type":"address"}],"name":"GrantUpdaterRole","type":"event"},{"anonymous":false,"inputs":[{"indexed":false,"internalType":"address","name":"_account","type":"address"}],"name":"RevokeUpdaterRole","type":"event"},{"anonymous":false,"inputs":[{"indexed":false,"internalType":"uint256","name":"_targetDepositPercentageInBP","type":"uint256"},{"indexed":false,"internalType":"uint256","name":"percentageInBPPerStep","type":"uint256"},{"indexed":false,"internalType":"uint256","name":"stepDuration","type":"uint256"}],"name":"SetDepositInfo","type":"event"},{"anonymous":false,"inputs":[{"indexed":false,"internalType":"address","name":"vaultController","type":"address"}],"name":"SetVaultController","type":"event"},{"anonymous":false,"inputs":[{"indexed":true,"internalType":"address","name":"account","type":"address"},{"indexed":false,"internalType":"uint256","name":"depositedAmount","type":"uint256"}],"name":"UpdateDeposit","type":"event"},{"anonymous":false,"inputs":[{"indexed":true,"internalType":"address","name":"from","type":"address"},{"indexed":true,"internalType":"address","name":"to","type":"address"},{"indexed":false,"internalType":"uint256","name":"amount","type":"uint256"}],"name":"VTokenTransfer","type":"event"},{"inputs":[],"name":"asset","outputs":[{"internalType":"address","name":"","type":"address"}],"stateMutability":"view","type":"function"},{"inputs":[{"internalType":"address","name":"_account","type":"address"}],"name":"assetBalanceOf","outputs":[{"internalType":"uint256","name":"","type":"uint256"}],"stateMutability":"view","type":"function"},{"inputs":[{"internalType":"address","name":"_account","type":"address"},{"internalType":"uint256","name":"_shares","type":"uint256"}],"name":"assetDataOf","outputs":[{"components":[{"internalType":"uint256","name":"maxShares","type":"uint256"},{"internalType":"uint256","name":"amountInAsset","type":"uint256"}],"internalType":"struct IvToken.AssetData","name":"","type":"tuple"}],"stateMutability":"view","type":"function"},{"inputs":[{"internalType":"address","name":"_account","type":"address"}],"name":"balanceOf","outputs":[{"internalType":"uint256","name":"","type":"uint256"}],"stateMutability":"view","type":"function"},{"inputs":[{"internalType":"address","name":"_recipient","type":"address"}],"name":"burn","outputs":[{"internalType":"uint256","name":"amount","type":"uint256"}],"stateMutability":"nonpayable","type":"function"},{"inputs":[{"internalType":"address","name":"_recipient","type":"address"}],"name":"burnFor","outputs":[{"internalType":"uint256","name":"","type":"uint256"}],"stateMutability":"nonpayable","type":"function"},{"inputs":[],"name":"currentDepositedPercentageInBP","outputs":[{"internalType":"uint256","name":"","type":"uint256"}],"stateMutability":"view","type":"function"},{"inputs":[],"name":"deposited","outputs":[{"internalType":"uint256","name":"","type":"uint256"}],"stateMutability":"view","type":"function"},{"inputs":[{"internalType":"address","name":"_asset","type":"address"},{"internalType":"address","name":"_registry","type":"address"}],"name":"initialize","outputs":[],"stateMutability":"nonpayable","type":"function"},{"inputs":[{"internalType":"address","name":"_account","type":"address"}],"name":"lastAssetBalanceOf","outputs":[{"internalType":"uint256","name":"","type":"uint256"}],"stateMutability":"view","type":"function"},{"inputs":[],"name":"lastBalance","outputs":[{"internalType":"uint256","name":"","type":"uint256"}],"stateMutability":"view","type":"function"},{"inputs":[],"name":"mint","outputs":[{"internalType":"uint256","name":"shares","type":"uint256"}],"stateMutability":"nonpayable","type":"function"},{"inputs":[{"internalType":"address","name":"_recipient","type":"address"}],"name":"mintFor","outputs":[{"internalType":"uint256","name":"","type":"uint256"}],"stateMutability":"nonpayable","type":"function"},{"inputs":[{"internalType":"uint256","name":"_amount","type":"uint256"}],"name":"mintableShares","outputs":[{"internalType":"uint256","name":"","type":"uint256"}],"stateMutability":"view","type":"function"},{"inputs":[],"name":"percentageInBPPerStep","outputs":[{"internalType":"uint16","name":"","type":"uint16"}],"stateMutability":"view","type":"function"},{"inputs":[],"name":"registry","outputs":[{"internalType":"address","name":"","type":"address"}],"stateMutability":"view","type":"function"},{"inputs":[{"internalType":"address","name":"_vaultController","type":"address"}],"name":"setController","outputs":[],"stateMutability":"nonpayable","type":"function"},{"inputs":[{"internalType":"uint16","name":"_targetDepositPercentageInBP","type":"uint16"},{"internalType":"uint16","name":"_percentageInBPPerStep","type":"uint16"},{"internalType":"uint256","name":"_stepDuration","type":"uint256"}],"name":"setDepositInfo","outputs":[],"stateMutability":"nonpayable","type":"function"},{"inputs":[{"internalType":"address","name":"_account","type":"address"},{"internalType":"uint256","name":"_amountInAsset","type":"uint256"}],"name":"shareChange","outputs":[{"internalType":"uint256","name":"newShares","type":"uint256"},{"internalType":"uint256","name":"oldShares","type":"uint256"}],"stateMutability":"view","type":"function"},{"inputs":[],"name":"stepDuration","outputs":[{"internalType":"uint256","name":"","type":"uint256"}],"stateMutability":"view","type":"function"},{"inputs":[{"internalType":"bytes4","name":"_interfaceId","type":"bytes4"}],"name":"supportsInterface","outputs":[{"internalType":"bool","name":"","type":"bool"}],"stateMutability":"view","type":"function"},{"inputs":[],"name":"sync","outputs":[],"stateMutability":"nonpayable","type":"function"},{"inputs":[],"name":"targetDepositPercentageInBP","outputs":[{"internalType":"uint16","name":"","type":"uint16"}],"stateMutability":"view","type":"function"},{"inputs":[],"name":"totalAssetSupply","outputs":[{"internalType":"uint256","name":"","type":"uint256"}],"stateMutability":"view","type":"function"},{"inputs":[],"name":"totalSupply","outputs":[{"internalType":"uint256","name":"","type":"uint256"}],"stateMutability":"view","type":"function"},{"inputs":[{"internalType":"address","name":"_recipient","type":"address"},{"internalType":"uint256","name":"_amount","type":"uint256"}],"name":"transfer","outputs":[],"stateMutability":"nonpayable","type":"function"},{"inputs":[{"internalType":"address","name":"_recipient","type":"address"},{"internalType":"uint256","name":"_amount","type":"uint256"}],"name":"transferAsset","outputs":[],"stateMutability":"nonpayable","type":"function"},{"inputs":[{"internalType":"address","name":"_from","type":"address"},{"internalType":"address","name":"_to","type":"address"},{"internalType":"uint256","name":"_shares","type":"uint256"}],"name":"transferFrom","outputs":[],"stateMutability":"nonpayable","type":"function"},{"inputs":[],"name":"updateDeposit","outputs":[],"stateMutability":"nonpayable","type":"function"},{"inputs":[],"name":"vaultController","outputs":[{"internalType":"address","name":"","type":"address"}],"stateMutability":"view","type":"function"},{"inputs":[],"name":"virtualTotalAssetSupply","outputs":[{"internalType":"uint256","name":"","type":"uint256"}],"stateMutability":"view","type":"function"},{"inputs":[],"name":"withdrawAll","outputs":[],"stateMutability":"nonpayable","type":"function"}]